[
  {
    "id": "a171734b-d12b-48dd-a7c1-783c7db71aba",
    "data": [
      {
        "text": "Post",
        "userDefined": false
      }
    ],
    "isTemplate": false,
    "count": 0,
    "lang": "en",
    "updated": 0
  },
  {
    "id": "cc2d6a5c-d87b-4843-aee3-f2202cc9dfaf",
    "data": [
      {
        "text": "Let me post",
        "userDefined": false
      }
    ],
    "isTemplate": false,
    "count": 0,
    "lang": "en",
    "updated": 0
  },
  {
    "id": "c80986f0-e811-43f2-b00c-7bdd72f23e2d",
    "data": [
      {
        "text": "Let me post something",
        "userDefined": false
      }
    ],
    "isTemplate": false,
    "count": 0,
    "lang": "en",
    "updated": 0
  },
  {
    "id": "543e092d-ec10-4637-8639-ad9e4319f119",
    "data": [
      {
        "text": "Can I please make a post to a chatroom",
        "userDefined": false
      }
    ],
    "isTemplate": false,
    "count": 0,
    "lang": "en",
    "updated": 0
  },
  {
    "id": "4a839353-df06-453a-a8bb-3d9273ff73d2",
    "data": [
      {
        "text": "Post a message",
        "userDefined": false
      }
    ],
    "isTemplate": false,
    "count": 0,
    "lang": "en",
    "updated": 0
  },
  {
    "id": "f52b0fda-731b-4961-943c-6d5aec1d9c40",
    "data": [
      {
        "text": "Create a post",
        "userDefined": false
      }
    ],
    "isTemplate": false,
    "count": 0,
    "lang": "en",
    "updated": 0
  },
  {
    "id": "f7e8ad07-f90e-409a-a7da-3f3615db3a16",
    "data": [
      {
        "text": "I would like to make a post",
        "userDefined": false
      }
    ],
    "isTemplate": false,
    "count": 0,
    "lang": "en",
    "updated": 0
  }
]