[
  {
    "id": "a13abfb8-d413-483a-9ef0-73b2e9fb03b6",
    "data": [
      {
        "text": "navigate me around the website",
        "userDefined": false
      }
    ],
    "isTemplate": false,
    "count": 0,
    "lang": "en",
    "updated": 0
  },
  {
    "id": "ebdc0681-0f53-48cf-a6e4-6c2423498907",
    "data": [
      {
        "text": "what to do when i don\u0027t know what to do",
        "userDefined": false
      }
    ],
    "isTemplate": false,
    "count": 0,
    "lang": "en",
    "updated": 0
  },
  {
    "id": "a6eb9bda-7f09-40bf-bf6a-4215139be19d",
    "data": [
      {
        "text": "where do i go from here",
        "userDefined": false
      }
    ],
    "isTemplate": false,
    "count": 0,
    "lang": "en",
    "updated": 0
  },
  {
    "id": "50a9add4-3b22-4bc3-808f-3568c740ca9e",
    "data": [
      {
        "text": "I don\u0027t know what to do",
        "userDefined": false
      }
    ],
    "isTemplate": false,
    "count": 0,
    "lang": "en",
    "updated": 0
  }
]