[
  {
    "id": "bdf9ce34-3708-4f0e-99e7-5f429e8bcac1",
    "data": [
      {
        "text": "what are the names of the chat rooms",
        "userDefined": false
      }
    ],
    "isTemplate": false,
    "count": 0,
    "lang": "en",
    "updated": 0
  },
  {
    "id": "2d794648-0bdb-40cf-89fd-020e329262bc",
    "data": [
      {
        "text": "chat room names",
        "userDefined": false
      }
    ],
    "isTemplate": false,
    "count": 0,
    "lang": "en",
    "updated": 0
  },
  {
    "id": "050911a4-1195-4583-8eaf-31cc883b0338",
    "data": [
      {
        "text": "all the chatrooms",
        "userDefined": false
      }
    ],
    "isTemplate": false,
    "count": 0,
    "lang": "en",
    "updated": 0
  },
  {
    "id": "988008b3-16e7-45a8-a9ac-1573bb052940",
    "data": [
      {
        "text": "different types of chat rooms",
        "userDefined": false
      }
    ],
    "isTemplate": false,
    "count": 0,
    "lang": "en",
    "updated": 0
  },
  {
    "id": "ad60eed0-885d-4799-ada5-26a225bb5d93",
    "data": [
      {
        "text": "different chatrooms",
        "userDefined": false
      }
    ],
    "isTemplate": false,
    "count": 0,
    "lang": "en",
    "updated": 0
  },
  {
    "id": "dbcbdc9c-03aa-444a-bd67-e256f1f86a0d",
    "data": [
      {
        "text": "what chatroom names",
        "userDefined": false
      }
    ],
    "isTemplate": false,
    "count": 0,
    "lang": "en",
    "updated": 0
  },
  {
    "id": "8eb2478c-77a0-4e99-951c-d05e19d361b1",
    "data": [
      {
        "text": "chatroom names",
        "userDefined": false
      }
    ],
    "isTemplate": false,
    "count": 0,
    "lang": "en",
    "updated": 0
  },
  {
    "id": "ebbe974a-4484-455f-82c0-8e9dce193b27",
    "data": [
      {
        "text": "what are the chatroom names",
        "userDefined": false
      }
    ],
    "isTemplate": false,
    "count": 0,
    "lang": "en",
    "updated": 0
  }
]