[
  {
    "id": "580e5570-66c2-42d3-b859-26d95858ff2d",
    "data": [
      {
        "text": "users on this platform",
        "userDefined": false
      }
    ],
    "isTemplate": false,
    "count": 0,
    "lang": "en",
    "updated": 0
  },
  {
    "id": "6df3be6c-7f0c-4772-a67e-14c8d0c55f13",
    "data": [
      {
        "text": "what is the total number of users",
        "userDefined": false
      }
    ],
    "isTemplate": false,
    "count": 0,
    "lang": "en",
    "updated": 0
  },
  {
    "id": "7f67c8c5-a988-452c-b0aa-990e51a670b5",
    "data": [
      {
        "text": "what is the total amount of users",
        "userDefined": false
      }
    ],
    "isTemplate": false,
    "count": 0,
    "lang": "en",
    "updated": 0
  },
  {
    "id": "65788d6b-8f0e-4e02-aa8f-5c9df9c05c5d",
    "data": [
      {
        "text": "how many users are there",
        "userDefined": false
      }
    ],
    "isTemplate": false,
    "count": 0,
    "lang": "en",
    "updated": 0
  },
  {
    "id": "86052650-e802-4de0-8460-c276ba0cbc26",
    "data": [
      {
        "text": "users number",
        "userDefined": false
      }
    ],
    "isTemplate": false,
    "count": 0,
    "lang": "en",
    "updated": 0
  },
  {
    "id": "6c02f950-8442-4490-8579-32af553943f5",
    "data": [
      {
        "text": "total number of users",
        "userDefined": false
      }
    ],
    "isTemplate": false,
    "count": 0,
    "lang": "en",
    "updated": 0
  },
  {
    "id": "5a8b5d12-46c0-4ad9-810e-7d2658426c3c",
    "data": [
      {
        "text": "Amount of users",
        "userDefined": false
      }
    ],
    "isTemplate": false,
    "count": 0,
    "lang": "en",
    "updated": 0
  },
  {
    "id": "d4ad216c-9c49-4332-b853-ae7883d42e43",
    "data": [
      {
        "text": "how many users are there on BadgerChat",
        "userDefined": false
      }
    ],
    "isTemplate": false,
    "count": 0,
    "lang": "en",
    "updated": 0
  },
  {
    "id": "7d00d7e9-dd1a-4a2a-81bc-3375462dd0f7",
    "data": [
      {
        "text": "number of users",
        "userDefined": false
      }
    ],
    "isTemplate": false,
    "count": 0,
    "lang": "en",
    "updated": 0
  }
]